ATT1,ATT2,ATT3,PBC1,PBC2,PBC3,SN1,SN2,SN3,INT1,INT2,BEH1,BEH2
0.53,0.6606714153011233,0.5433925515051619,0.8,0.3203688853247795,0.5727776062624692,0.65,0.6630685238669758,0.8098677786519322,0.6380000000000001,0.5661859473575237,0.53,0.5516000000000001
0.57,0.6851735698828815,0.5811374797807236,0.9,0.6409382518043304,0.9,0.6,0.5824642835826295,0.5401298583495899,0.742,0.6509522880839745,0.57,0.6043999999999999
0.3,0.5747688538100693,0.48570156563232136,0.9,0.281074578989575,0.821067359363181,0.1,0.22915779297003855,0.2493470162889368,0.5800000000000001,0.5212612872693483,0.3,0.356
0.41,0.7093029856408025,0.6287988341061577,0.9,0.5340817963111468,0.7341830625876746,0.1,0.1,0.3103163100207903,0.606,0.7234016531107552,0.41,0.44920000000000004
0.82,0.7305846625276664,0.8713198284251356,0.6,0.6862469927826784,0.6352183519920551,0.45,0.40598430041475014,0.40234073803665416,0.732,0.8410504247989855,0.82,0.8024
0.43,0.4275863043050819,0.6427792507453393,0.5,0.5980352846832397,0.6642180760086174,0.1,0.34580868387386343,0.39951198258915244,0.458,0.4364253706250524,0.43,0.43560000000000004
0.84,0.8959212815507391,0.8847444833354967,0.5,0.8757016840417001,0.4954978539879114,0.9,0.8601375781436571,0.8811953467569382,0.704,0.5947644426895772,0.84,0.8128000000000001
0.38,0.4927434729152908,0.7009727838419362,0.5,0.6643945469125903,0.43819879791729377,0.1,0.11836671328021736,0.23961318141410265,0.428,0.5181415556386404,0.38,0.38960000000000006
0.72,0.6670525614065047,0.7336516922927461,0.7,0.11046511627906974,0.4753729016958555,0.65,0.6373998458143839,0.8021651576380149,0.712,0.6287776955719029,0.72,0.7183999999999999
0.32,0.42825600435859645,0.8040715008624735,0.5,0.3466319165998396,0.5219725022231748,0.25,0.47520806850576836,0.5096136145047668,0.392,0.5072931817755512,0.32,0.33440000000000003
0.61,0.5606582307187538,0.7532117278755515,0.6,0.1,0.5727387811909437,0.1,0.1,0.144081362059659,0.606,0.62479230208513,0.61,0.6092
0.4,0.5334270246429743,0.44382649815864095,0.9,0.38572574178027264,0.9,0.7,0.7365040288569902,0.9,0.64,0.47842558850027683,0.4,0.44800000000000006
0.56,0.6561962271566034,0.5387321456639873,0.8,0.13331996792301526,0.7686449338572074,0.3,0.295606436158123,0.30917400972754305,0.6560000000000001,0.7967505201330063,0.56,0.5792000000000002
0.51,0.4356719755342202,0.6510310849360263,0.9,0.1,0.6466387313314683,0.9,0.9,0.9,0.666,0.8290877673095522,0.51,0.5412
0.81,0.5745082167486966,0.7740861091106372,0.6,0.44967923015236566,0.6320513378603063,0.5,0.4105111265186225,0.6487999325858618,0.726,0.6332211309515614,0.81,0.7932000000000001
0.5,0.4437712470759027,0.6744343087062317,0.5,0.6746190858059342,0.502006321046109,0.35,0.15676768490032217,0.3945463485074017,0.5,0.48622984400640157,0.5,0.5
0.67,0.5177168879665576,0.762331892542137,0.5,0.708700882117081,0.6598332942362659,0.1,0.1,0.22810312124843557,0.6020000000000001,0.6300865390724906,0.67,0.6564000000000001
0.31,0.4284247332595274,0.4629454771330807,0.6,0.2205292702485966,0.5228599852365582,0.85,0.7597127419992074,0.7072945563335655,0.426,0.5029456789987025,0.31,0.3332
0.36,0.37119759244787887,0.38862427232136715,0.7,0.2806736166800321,0.6826098690547231,0.6,0.6289583752582223,0.7981228361193837,0.496,0.5878544272672831,0.36,0.3872
0.85,0.6337696298664708,0.6549722590109904,0.6,0.6026463512429832,0.5567092638400465,0.75,0.5518525062343387,0.728274870185426,0.75,0.9,0.85,0.8300000000000001
0.5,0.7965648768921554,0.6057311811303885,0.9,0.3748997594226142,0.8903719049629601,0.8,0.8157888688166062,0.7812204547418669,0.7,0.657305277250595,0.5,0.54
0.5,0.5974223699513465,0.7222523293090859,0.9,0.6399358460304732,0.9,0.55,0.30827199065965605,0.7054491047653408,0.66,0.5651702755461546,0.5,0.532
0.54,0.6247528204687923,0.674641813389383,0.8,0.41399358460304736,0.7078840531123856,0.1,0.22258803020290252,0.19862576468559454,0.6440000000000001,0.4950680771985474,0.54,0.5608000000000001
0.81,0.6345251813786542,0.6634163828302924,0.7,0.5200481154771451,0.7662711929579848,0.55,0.3758475700356315,0.4274465369452808,0.766,0.6514069960058081,0.81,0.8012000000000001
0.6,0.6655617275474817,0.7138940566116383,0.9,0.45008019246190856,0.9,0.55,0.4597245838296762,0.43063564513455066,0.76,0.7166873027126204,0.6,0.632
0.37,0.5400922589709867,0.5762565373616577,0.9,0.5860064153969526,0.7656188538362103,0.1,0.20710980069746213,0.3244986443358423,0.5820000000000001,0.7659557863517789,0.37,0.4124
0.39,0.3679006422577697,0.40151723610741796,0.7,0.6788291900561347,0.7872626292884028,0.75,0.5584379952074072,0.5984579765022978,0.514,0.48373887009638283,0.39,0.41480000000000006
0.72,0.8115698018345672,0.8127609730803769,0.9,0.717121090617482,0.8670251873025139,0.9,0.7598166683655261,0.9,0.792,0.76637879516389,0.72,0.7343999999999999
0.42,0.4139361310081195,0.5417722724151439,0.6,0.6016439454691259,0.6951445984230625,0.1,0.3509439213821661,0.1,0.492,0.5173577103927248,0.42,0.4344
0.61,0.6378306250206723,0.5564096892644597,0.8,0.2666399358460305,0.5640405131754892,0.2,0.2434662195715277,0.5744413190876865,0.686,0.7833393273448085,0.61,0.6252
0.36,0.4018293387770603,0.5393003509972061,0.7,0.8057337610264635,0.7953966544467803,0.7,0.7803538168097712,0.805410550266757,0.496,0.7746932425873622,0.36,0.3872
0.36,0.7072278184508938,0.624739706854367,0.9,0.597233360064154,0.9,0.25,0.1930439718013573,0.37415541952589226,0.5760000000000001,0.528913122707968,0.36,0.4032
0.61,0.6056502775262066,0.8170962046862746,0.6,0.20328789093825184,0.7786579084507317,0.15,0.3769706266872924,0.31135236625474916,0.606,0.5555560557481778,0.61,0.6092
0.75,0.7192289071044099,0.9,0.9,0.1,0.843890623912781,0.1,0.4487352930986851,0.3875801569969198,0.85,0.8919160877069072,0.75,0.7700000000000001
0.3,0.5622544912103189,0.32713057408721286,0.9,0.7275461106655974,0.9,0.25,0.1,0.33092216695424487,0.54,0.6231891489626312,0.3,0.348
0.76,0.6199156350028976,0.6674441222107648,0.7,0.5940256615878108,0.6131055640431358,0.1,0.1454657116794285,0.42376265376183975,0.736,0.8866707325736034,0.76,0.7552000000000001
0.57,0.5698863595004755,0.7177815039651343,0.5,0.31455493183640737,0.6752145750590239,0.55,0.6440608190770811,0.6772225226087151,0.542,0.6148928185325965,0.57,0.5644
0.74,0.4720329876120225,0.8000609116318695,0.5,0.12389735364875698,0.5146705069553799,0.2,0.2995431920935511,0.4029220093988131,0.644,0.597070790921294,0.74,0.7208
0.58,0.4831813951101569,0.7064420013787571,0.7,0.6810344827586207,0.9,0.2,0.3856718810056963,0.3627845047857614,0.6279999999999999,0.6800654830692309,0.58,0.5895999999999999
0.3,0.37968612358691234,0.9,0.5,0.7854851643945469,0.5644008065150914,0.5,0.43440222199262696,0.5767670806516287,0.38,0.5458703580582908,0.3,0.316
0.68,0.699846657999541,0.8164761928830884,0.5,0.7878909382518043,0.560409005148425,0.7,0.6679884681209349,0.7889333292972809,0.6080000000000001,0.6880482181197365,0.68,0.6656000000000001
0.51,0.6741368281189971,0.7770952424454713,0.9,0.6172814755412992,0.7952755458457865,0.35,0.40414841469118806,0.28831689655400194,0.706,0.7302274031107298,0.51,0.5492
0.65,0.6534351717611758,0.8351672459714194,0.7,0.8682838813151563,0.4919008057480758,0.25,0.5376673092489711,0.31013457665955724,0.6699999999999999,0.7591674689589154,0.65,0.654
0.85,0.8648896304410711,0.9,0.9,0.7896952686447474,0.85804532734131,0.15,0.335663126495182,0.4556074729065213,0.9,0.9,0.85,0.8620000000000001
0.45,0.31714780096325723,0.49559725083581,0.5,0.6764234161988774,0.5390571256266086,0.75,0.7381403993112803,0.8175389524031731,0.47000000000000003,0.6407158991037528,0.45,0.45400000000000007
0.52,0.592015579160529,0.7214794222912979,0.9,0.5854049719326384,0.8981805595512227,0.75,0.6257184550816299,0.746851613408086,0.712,0.7488709887589643,0.52,0.5584
0.71,0.6009361229040211,0.6534481988362956,0.5,0.1273055332798717,0.5394550563505354,0.5,0.451859066389126,0.5901768385651287,0.626,0.6027881919683146,0.71,0.6931999999999999
0.45,0.6607122226218916,0.5737242117155772,0.8,0.1,0.8872596274862321,0.35,0.36261627182705686,0.5248638726001648,0.5900000000000001,0.6071713686433323,0.45,0.4780000000000001
0.36,0.43636182895684617,0.44502874005187687,0.5,0.37329591018444264,0.7045523487832404,0.1,0.32416782135674455,0.27127079370206275,0.41600000000000004,0.5826508966508357,0.36,0.3712
0.5,0.4436959844637266,0.5985640936191041,0.9,0.6044506816359263,0.7447996561414174,0.8,0.6568523278769606,0.7108165149209626,0.66,0.5633064329012764,0.5,0.532
0.4,0.5224083969394795,0.8222407073887168,0.7,0.1,0.4202899243979869,0.3,0.43846622853446193,0.4981179877453373,0.52,0.5768673308872901,0.4,0.42400000000000004
0.76,0.6434917719583683,0.5606265312806639,0.5,0.5425020048115476,0.6865384771694402,0.1,0.5438101197968159,0.24604779663540016,0.6559999999999999,0.6026661187672638,0.76,0.7392000000000001
0.75,0.667307799969404,0.8658127828388225,0.7,0.8255813953488372,0.5996394375515548,0.15,0.42816870551475383,0.4385325070644251,0.73,0.7003744822934818,0.75,0.7460000000000001
0.31,0.4581676288840868,0.2841076212340592,0.6,0.3249799518845229,0.8722128004435099,0.7,0.6060964701748238,0.5322140850351651,0.426,0.5973451862607299,0.31,0.3332
0.83,0.8340999522495951,0.8081881665551871,0.5,0.1,0.6394260421659317,0.45,0.6726820883245919,0.7391691985602251,0.698,0.6926099068019903,0.83,0.8036000000000001
0.48,0.7291280119116198,0.7644996740184078,0.9,0.4887730553327987,0.7762555687841339,0.75,0.6262886940467673,0.8257838714012571,0.688,0.6706436548156149,0.48,0.5216000000000001
0.58,0.5620782476777361,0.6681292518270028,0.8,0.7345629510825982,0.5633987059611479,0.25,0.1,0.3824188980484956,0.668,0.5150143859020081,0.58,0.5976
0.67,0.6180787624148786,0.596286379131459,0.6,0.4224137931034483,0.8298049940558463,0.55,0.40628705336238946,0.721994681414059,0.642,0.7061253566027221,0.67,0.6644000000000001
0.36,0.5551263431403564,0.44118882351687505,0.9,0.5064153969526864,0.7847436422979133,0.7,0.3743812118461216,0.8784522362970395,0.5760000000000001,0.6465484181141076,0.36,0.4032
0.62,0.7115545127122359,0.7958626324146083,0.6,0.49939855653568566,0.835492013756725,0.9,0.7972729773938037,0.9,0.612,0.825325472330546,0.62,0.6184000000000001
0.63,0.663082576215471,0.6229725194370377,0.9,0.1,0.4296008872674528,0.9,0.8202627568784326,0.7066607814598107,0.738,0.6727221765046999,0.63,0.6516
0.57,0.6204341023336183,0.6920618512165606,0.8,0.6461507618283882,0.7039389751054506,0.45,0.7439655968412924,0.4799421632020389,0.662,0.668415032766394,0.57,0.5884
0.52,0.4933665025993972,0.6161419213083371,0.8,0.813953488372093,0.8449726014693555,0.15,0.3465391060646244,0.29415654719267464,0.6320000000000001,0.6489383683710757,0.52,0.5424000000000001
0.42,0.38437933759193293,0.45068382580568855,0.7,0.7311547714514836,0.7763935205001564,0.65,0.5896349206786704,0.7080396561949678,0.532,0.7067453279763475,0.42,0.4424
0.34,0.5292525822394197,0.7671238071669231,0.7,0.2387730553327987,0.554122095877953,0.9,0.9,0.9,0.484,0.5034704467613048,0.34,0.3688
0.61,0.8326240028570824,0.8085950832495779,0.9,0.11587810745789895,0.7781909220894945,0.3,0.1,0.29374316833378844,0.726,0.7224021525770339,0.61,0.6332
0.34,0.6383532897892025,0.5540451757301719,0.9,0.21992782678428224,0.7446214252820906,0.55,0.673129779083045,0.5801364928883626,0.6040000000000001,0.6216609123156359,0.34,0.39280000000000004
0.38,0.6021636025047634,0.4690183447287461,0.9,0.8247794707297514,0.9,0.7,0.43321206313302374,0.6199208794242221,0.628,0.5763566385449471,0.38,0.4296000000000001
0.61,0.5424880245394875,0.7767896050834444,0.6,0.1,0.5962917272740089,0.8,0.8915631064810394,0.6940914449984732,0.606,0.6239089992898308,0.61,0.6092
0.36,0.5581395605508415,0.4325254234982442,0.9,0.31355252606255013,0.8508079895320986,0.25,0.4132744611241621,0.330030625747732,0.5760000000000001,0.6893631749859773,0.36,0.4032
0.59,0.8068036566465969,0.7015923583532915,0.8,0.24779470729751407,0.5056420984135739,0.5,0.46270681291487986,0.42847455055475997,0.674,0.552848470058894,0.59,0.6068
0.52,0.5704173960890048,0.6866819526954558,0.7,0.2267441860465116,0.3879061302036101,0.5,0.6199172799159427,0.5128745296217058,0.592,0.6072969674146875,0.52,0.5344
0.53,0.7374643655814006,0.7693834964166948,0.7,0.2584202085004009,0.8191775858348966,0.6,0.9,0.8890879977606057,0.598,0.5284879185060827,0.53,0.5436000000000001
0.45,0.3230254895910255,0.390569529071512,0.9,0.3125501202886929,0.7936121378835466,0.7,0.6822799382587743,0.6416421179048604,0.6300000000000001,0.7420046628924843,0.45,0.4860000000000001
0.39,0.5351902504375223,0.5008979017865907,0.6,0.7534081796311147,0.6137494734058513,0.35,0.4647330879450504,0.8245691197667495,0.474,0.3531813095216225,0.39,0.40680000000000005
0.84,0.836704706823817,0.8143475040254486,0.8,0.8181635926222935,0.9,0.6,0.5210958650689634,0.7194721143729477,0.8240000000000001,0.7121078152728413,0.84,0.8368000000000001
0.58,0.5260992649534132,0.5748203450818372,0.5,0.4651162790697675,0.6068860788648591,0.7,0.5275233445802812,0.7390611709884551,0.548,0.5987211875064521,0.58,0.5736
0.46,0.6011760776535503,0.8080897243644416,0.9,0.1,0.8324880018276974,0.1,0.35705037248163685,0.2137596594986636,0.6360000000000001,0.7835524029234342,0.46,0.4952000000000001
0.57,0.47024310853991075,0.6846464270232968,0.9,0.7933039294306335,0.8981189510407064,0.45,0.36408742611366995,0.6225590420574965,0.702,0.6699249738927012,0.57,0.5963999999999999
0.38,0.5440328112162488,0.38550048772304435,0.9,0.8891339214113874,0.9,0.1,0.2757349355829089,0.25485719474719437,0.628,0.5654800473306801,0.38,0.4296000000000001
0.76,0.7777112571511745,0.9,0.7,0.23035284683239776,0.8824069804162,0.5,0.45335138298523253,0.6029790235037515,0.736,0.8901157069440591,0.76,0.7552000000000001
0.66,0.9,0.9,0.9,0.49558941459502803,0.8113322021066474,0.1,0.2718469738619588,0.575171888057745,0.796,0.6021986099583756,0.66,0.6872
0.3,0.45817297817263525,0.5955304269006647,0.9,0.24198075380914197,0.9,0.2,0.38004931579304224,0.3934851409813026,0.5800000000000001,0.36511940433799184,0.3,0.356
0.74,0.6471506397106812,0.5911057320276547,0.7,0.16399358460304736,0.6960044678186863,0.25,0.5181309916386849,0.6049455470639524,0.724,0.7370014450053332,0.74,0.7368
0.32,0.3838242956415463,0.4106567703843591,0.7,0.1,0.7782698739666607,0.9,0.7734975401717881,0.8589932140278407,0.472,0.45379457756473884,0.32,0.3504
0.47,0.6605402117702074,0.7661373802564362,0.8,0.7826784282277466,0.6900650093813083,0.9,0.7770187597059943,0.9,0.6020000000000001,0.49937671828692876,0.47,0.4964
0.81,0.8098751109659683,0.76305468631894,0.7,0.5148356054530874,0.8073584006356922,0.85,0.6056854426326539,0.9,0.766,0.7953356447299353,0.81,0.8012000000000001
0.46,0.4790239796232961,0.6250631273022067,0.7,0.8017241379310345,0.9,0.35,0.3608560109885833,0.4074779558126137,0.556,0.5913800713771199,0.46,0.47920000000000007
0.35,0.5963267433113355,0.6222214350737876,0.9,0.1214915797914996,0.4726365509739827,0.9,0.841595073956728,0.9,0.61,0.5510921369263272,0.35,0.40199999999999997
0.37,0.538707754934804,0.41850989439759084,0.9,0.7229350441058541,0.68939173633189,0.6,0.7035482924968028,0.7908173053788576,0.5820000000000001,0.4584695601329106,0.37,0.4124
0.58,0.6828644990532888,0.6774298570832418,0.6,0.10545308740978343,0.22575109955891998,0.15,0.1591752013733562,0.254797787236027,0.588,0.6782457328280145,0.58,0.5816
0.82,0.7737946906122647,0.4578068573141642,0.9,0.13652766639935843,0.6505472747531239,0.15,0.42794088801584906,0.4653741506906248,0.852,0.8540201177958662,0.82,0.8264
0.39,0.4802337853402231,0.4071202401079298,0.8,0.5392943063352045,0.8694196302699557,0.85,0.9,0.9,0.554,0.5555824136220617,0.39,0.42280000000000006
0.55,0.5557891846867842,0.6108496587701777,0.7,0.859262229350441,0.9,0.1,0.2945152354835551,0.3757460043369524,0.61,0.7921636996047666,0.55,0.562
0.45,0.4086485051867881,0.40199571920157573,0.8,0.7640336808340016,0.8403243213131668,0.7,0.9,0.6307028765840728,0.5900000000000001,0.48549152336738477,0.45,0.4780000000000001
0.53,0.7006120277064577,0.8540117620130878,0.9,0.522654370489174,0.9,0.2,0.21393162013446407,0.2762264439346318,0.718,0.5359474829075261,0.53,0.5676000000000001
0.81,0.8031055272179889,0.6750041400883218,0.7,0.1840417000801925,0.398197291291824,0.55,0.37080179450328754,0.5654982123596414,0.766,0.6553091930118756,0.81,0.8012000000000001
0.52,0.5445113456642461,0.5680969307292112,0.6,0.1,0.24629696448966992,0.5,0.25819196266435823,0.5306159791740841,0.552,0.5594413983644503,0.52,0.5264000000000001
0.43,0.4875412866624853,0.5711971266068281,0.7,0.3075380914194066,0.6339292725913293,0.9,0.9,0.9,0.538,0.5778339449322693,0.43,0.45160000000000006
0.6,0.4284629257949585,0.8186453798469255,0.5,0.6439454691259021,0.7007934580786668,0.1,0.3631548484531087,0.36711283222526764,0.56,0.5458763942143671,0.6,0.592
0.79,0.810935467723464,0.6638836354031601,0.9,0.8646752205292703,0.9,0.55,0.5491622993634317,0.47954925179564584,0.874,0.8407055396514297,0.79,0.8068000000000002
0.85,0.830728548347323,0.9,0.9,0.7042902967121091,0.5511707740076512,0.7,0.696995293947973,0.8048725656077089,0.8700000000000001,0.6773460575809557,0.85,0.8540000000000001
0.73,0.640772273077838,0.767382421937918,0.7,0.3105453087409783,0.6297955866953752,0.1,0.1,0.2810644501603697,0.718,0.832876460407326,0.73,0.7276
0.77,0.672871428833399,0.6787932476409257,0.5,0.4137931034482759,0.3784675059587548,0.15,0.6643627969425239,0.5157655529873557,0.6619999999999999,0.6382848821607431,0.77,0.7484000000000001
0.71,0.8374050856814538,0.8489334340478834,0.9,0.7187249398556536,0.9,0.1,0.21938317729628415,0.38453948139062566,0.8260000000000001,0.8812295831588128,0.71,0.7332
0.63,0.7796185901210531,0.7578108814930271,0.5,0.2632317562149158,0.583959263779002,0.3,0.4114092191907339,0.5679229633435521,0.5780000000000001,0.6177725346377705,0.63,0.6196
0.62,0.7514577812831839,0.6502655309975816,0.9,0.6850441058540497,0.7645312638071116,0.9,0.893864993584804,0.9,0.772,0.7746753219153784,0.62,0.6504
0.77,0.8347550390722763,0.8373272580132576,0.9,0.7485966319165999,0.797498951974476,0.25,0.434651384760507,0.4377429608150891,0.8220000000000001,0.8234767280232205,0.77,0.7804000000000001
0.54,0.6105554084233833,0.5998734500612655,0.8,0.16760224538893342,0.4913986453333374,0.15,0.3310826036418697,0.1659553388885485,0.6440000000000001,0.6777708560017316,0.54,0.5608000000000001
0.57,0.44712287847009585,0.6450466571241689,0.8,0.4887730553327987,0.7372300520088639,0.8,0.6014288316832033,0.8419113942167111,0.662,0.7107722759867544,0.57,0.5884
0.8,0.7373486124550783,0.9,0.6,0.7367682437850842,0.864301821210711,0.1,0.33572025357039936,0.36385258585217317,0.72,0.8229152530132432,0.8,0.7840000000000001
0.51,0.6330230209941027,0.8229266221362628,0.9,0.6872493985565357,0.7083159126166292,0.6,0.8723036744712551,0.7806653790812585,0.666,0.6691521169701471,0.51,0.5412
0.61,0.8833242112485287,0.594126982390484,0.7,0.448476343223737,0.7601498802947977,0.35,0.6293130069232467,0.39661842263237457,0.6459999999999999,0.7054003757588512,0.61,0.6172
0.51,0.48776390352188775,0.8595167856631296,0.5,0.31194867682437855,0.46404596029144746,0.1,0.47147799399590956,0.21564271364998594,0.506,0.5205264305712773,0.51,0.5092000000000001
0.81,0.7471547342333612,0.601180410903972,0.5,0.8516439454691259,0.5865622588013861,0.75,0.6108176485353223,0.8915827545337791,0.6859999999999999,0.8085117215449472,0.81,0.7852000000000001
0.61,0.6035288230294756,0.6684915532016251,0.6,0.8239775461106655,0.7311387098400159,0.6,0.4415592769612129,0.6356432007775046,0.606,0.536860769794073,0.61,0.6092
0.67,0.5921321962380468,0.7910245040257586,0.8,0.1844426623897354,0.5000464503540145,0.65,0.6036319619850528,0.7901880741809781,0.7220000000000001,0.8715940432910817,0.67,0.6804000000000001
0.59,0.7072822814515021,0.7291754804185044,0.6,0.659382518043304,0.6147673596109138,0.55,0.5658587368433042,0.6473628893464816,0.594,0.5914842049355656,0.59,0.5908
0.64,0.6731933032686774,0.6439147182752643,0.5,0.1,0.2865572896481603,0.1,0.42912872777064226,0.36585291868215003,0.5840000000000001,0.44492248978819526,0.64,0.6288
0.63,0.7901031947043047,0.711045968897988,0.9,0.1,0.9,0.55,0.30363030554277715,0.6910016331028142,0.738,0.7163104414910789,0.63,0.6516
0.38,0.47506125452052606,0.4638521387450453,0.9,0.6022453889334403,0.8859631494757914,0.75,0.9,0.7798077695936882,0.628,0.5528948342525118,0.38,0.4296000000000001
0.49,0.7232794310936099,0.5679321153854167,0.8,0.345028067361668,0.5985495940096126,0.65,0.5987988152131516,0.718734197036206,0.6140000000000001,0.6945643548988725,0.49,0.5148
0.78,0.6758148937207719,0.9,0.9,0.13913392141138736,0.7238371630335496,0.7,0.590967839507887,0.6772689252323667,0.8280000000000001,0.7057376020697609,0.78,0.7896000000000001
0.58,0.644685709380027,0.7197790001918112,0.6,0.1,0.4837522360106899,0.55,0.40568434371097495,0.551781538635866,0.588,0.546381656678522,0.58,0.5816
0.48,0.7350455625809978,0.5518599610849211,0.6,0.3199679230152366,0.5628449369745876,0.8,0.47177149922013467,0.7208422199887969,0.528,0.3570459269054469,0.48,0.48960000000000004
0.75,0.635946367486931,0.8851412585493763,0.7,0.11327185244587012,0.6761065607402748,0.9,0.9,0.9,0.73,0.6522693680750923,0.75,0.7460000000000001
0.56,0.5753702270397228,0.6879499879131377,0.8,0.27465918203688855,0.7960239111181624,0.2,0.3409976950782606,0.3377995891699479,0.6560000000000001,0.3996120673371044,0.56,0.5792000000000002
0.69,0.642965136508764,0.8401364815624279,0.5,0.4623095429029671,0.509117690729311,0.9,0.5915058650388421,0.9,0.614,0.4521097176514277,0.69,0.6748
0.7,0.6496524345883801,0.8254859479485095,0.7,0.39454691259021657,0.5819913376803629,0.7,0.4607381841904576,0.5928316697812739,0.7,0.7510414656144296,0.7,0.7
0.77,0.6539336568933867,0.6933073300680286,0.9,0.2592221331194867,0.6865088853630994,0.1,0.1496322951064808,0.21498347647725713,0.8220000000000001,0.8450800158650833,0.77,0.7804000000000001
0.38,0.4828562974806027,0.4573495346724842,0.7,0.2660384923817162,0.28452337300417707,0.5,0.7753532287934088,0.6160705802054512,0.508,0.5735457561784965,0.38,0.40560000000000007
0.55,0.5187696286273895,0.7234291583402694,0.8,0.6832397754611066,0.5776932733085491,0.1,0.2260612972954593,0.4851526704463128,0.6500000000000001,0.5408023856870788,0.55,0.5700000000000001
0.82,0.8013592430635181,0.9,0.6,0.30914194065757816,0.797773722313952,0.1,0.1,0.21721871243945998,0.732,0.694228864385802,0.82,0.8024
0.52,0.5420575765766197,0.6179033240396261,0.9,0.17983159582999197,0.9,0.3,0.35813854038710835,0.5783559798330133,0.672,0.6536397460909432,0.52,0.5504
0.37,0.653993440501754,0.5668779740974046,0.8,0.44386527666399356,0.6958041770657413,0.4,0.41909146453784946,0.3465056213700258,0.542,0.44066353108074574,0.37,0.4044
0.3,0.3716746707663762,0.6076547216478863,0.8,0.18765036086607856,0.7427786527181885,0.85,0.34796700355876425,0.7865377827940021,0.5,0.6753398301767151,0.3,0.33999999999999997
0.82,0.8117938483794325,0.7833702030155869,0.9,0.8173616680032076,0.9,0.9,0.7768557700223282,0.9,0.852,0.8767362290575672,0.82,0.8264
0.84,0.8793517217369669,0.9,0.7,0.3470328789093825,0.9,0.85,0.7178598204686983,0.8568390338302254,0.784,0.7159035826170337,0.84,0.8288000000000001
0.45,0.43191356835660444,0.5321195953792537,0.8,0.7620288692862871,0.9,0.9,0.9,0.9,0.5900000000000001,0.5951885838994532,0.45,0.4780000000000001
0.65,0.7177459934604129,0.7074274543048162,0.8,0.5886126704089816,0.7573961624005796,0.9,0.9,0.8985112395484058,0.7100000000000001,0.7033382807947554,0.65,0.662
0.64,0.8787142754282429,0.8915960773241114,0.9,0.7504009623095429,0.7817892226027989,0.6,0.7589847544321635,0.8888678814303104,0.784,0.533826513157571,0.64,0.6688000000000001
0.83,0.7202516765438772,0.9,0.9,0.1,0.4850755539661758,0.1,0.19216669641677542,0.551409448938504,0.8979999999999999,0.7987822617479403,0.83,0.8436
0.38,0.5844633858532303,0.6425138334907227,0.9,0.7836808340016038,0.9,0.55,0.39152111368874953,0.5568396511694284,0.628,0.5528015752002201,0.38,0.4296000000000001
0.77,0.7149882794248423,0.9,0.5,0.38953488372093026,0.4534078533236336,0.5,0.9,0.6492906900537772,0.6619999999999999,0.5463379990105084,0.77,0.7484000000000001
0.53,0.749182287177731,0.6703569184314773,0.9,0.5408981555733761,0.6489313902323617,0.7,0.6638827651021733,0.9,0.718,0.6603899707114045,0.53,0.5676000000000001
0.5,0.43630492891219175,0.6690953423378341,0.7,0.1,0.47484646511823203,0.15,0.29958939378694194,0.5469460059344209,0.58,0.7647686526849522,0.5,0.516
0.31,0.26495433869157237,0.4017588569470998,0.6,0.1,0.3438423784474157,0.75,0.6838812369334996,0.7207271059749827,0.426,0.533584286126701,0.31,0.3332
0.73,0.7131941565616898,0.819538793610951,0.5,0.10184442662389737,0.733624573248054,0.35,0.4572127141151782,0.4563807604772917,0.638,0.5713821010217204,0.73,0.7116
0.48,0.6356984673233186,0.5995225269405415,0.9,0.7672413793103449,0.9,0.65,0.6008459382114086,0.6738973314895913,0.648,0.6932582781356159,0.48,0.5136000000000001
0.72,0.8290492850345877,0.8094493728060437,0.9,0.19286287089013632,0.7566629650695482,0.35,0.34145069896796454,0.31652861341787786,0.8320000000000001,0.9,0.72,0.7424
0.6,0.7546448209496975,0.7823478072423691,0.9,0.3101443464314354,0.9,0.1,0.1179711588139412,0.11925455612538154,0.76,0.812463368291277,0.6,0.632
0.65,0.5369975278421509,0.5992130235804135,0.5,0.33400160384923816,0.5618057273019141,0.2,0.3250870094676003,0.27077486035665194,0.5900000000000001,0.5984630369920174,0.65,0.638
0.37,0.46222536971610034,0.7655315470254753,0.6,0.342822774659182,0.47365420219851506,0.1,0.18348628432993527,0.20873586326998841,0.46199999999999997,0.4318063222294426,0.37,0.38839999999999997
0.79,0.822307247329868,0.7177393636860094,0.8,0.3722935044105854,0.9,0.75,0.5805731325984254,0.7534810966631926,0.794,0.815322331361359,0.79,0.7908000000000002
0.71,0.6355648581973632,0.6074103381049447,0.7,0.1,0.6362494977315281,0.4,0.47596453415378454,0.5670969014428286,0.706,0.7188485385421749,0.71,0.7091999999999999
0.38,0.6325774511144756,0.6934887950429032,0.6,0.6038492381716118,0.525567848302515,0.3,0.3567534173868717,0.6402484134844071,0.46799999999999997,0.5905193220027732,0.38,0.39760000000000006
0.58,0.6033832920911787,0.763676181693788,0.5,0.5627506014434643,0.590274378720498,0.45,0.7180989482874034,0.5072222521831959,0.548,0.624517180168197,0.58,0.5736
0.32,0.31486965027973507,0.5298683081022058,0.7,0.3710906174819567,0.5299844472368734,0.9,0.41985452874104817,0.9,0.472,0.6089552715319335,0.32,0.3504
0.78,0.791655360863383,0.9,0.6,0.1894546912590217,0.34941644773305613,0.75,0.8512260277883692,0.7996278456400312,0.708,0.6274764788439431,0.78,0.7656000000000001
0.85,0.7075318329772677,0.8500367538538238,0.7,0.7279470729751403,0.9,0.4,0.6469127788746444,0.5757925495603692,0.79,0.8742394065634326,0.85,0.8380000000000001
0.78,0.8047084603742451,0.7212711674965491,0.6,0.7493985565356857,0.9,0.85,0.4414914651387776,0.8588512053446868,0.708,0.7007599604692399,0.78,0.7656000000000001
0.31,0.5728595579007404,0.5096684585633953,0.8,0.15938251804330394,0.4380296193401201,0.55,0.5060968608879477,0.4942975726345112,0.506,0.7370260872625266,0.31,0.3492
0.68,0.5439317681648289,0.6355269482515125,0.5,0.1,0.5446699243969297,0.5,0.46928387010063133,0.6382101370672439,0.6080000000000001,0.5370812181910433,0.68,0.6656000000000001
0.48,0.5823376129244322,0.7214818905950167,0.5,0.8023255813953488,0.5931012890503307,0.1,0.1,0.25281757643364844,0.488,0.6895963803165249,0.48,0.48160000000000003
0.66,0.7732780926936498,0.7330087327584733,0.9,0.27425821972734565,0.6592086583534993,0.15,0.18082749686136873,0.3868010258963201,0.756,0.7367910783462648,0.66,0.6792
0.85,0.8572060159994489,0.7823815395847884,0.6,0.1,0.4361609594796468,0.3,0.2284136231801257,0.45680364306396964,0.75,0.6473581996385551,0.85,0.8300000000000001
0.61,0.8566792982653948,0.6987695586547198,0.8,0.6649959903769045,0.669900181661099,0.9,0.9,0.9,0.686,0.6161114165945679,0.61,0.6252
0.6,0.5454611883997129,0.7186440121930175,0.5,0.865878107457899,0.7170416764290937,0.75,0.8278517589721193,0.7429341416328719,0.56,0.537965269180568,0.6,0.592
0.41,0.42162638356425103,0.46267833037637324,0.7,0.34643143544506816,0.5292869131718647,0.2,0.5207332642491238,0.3764636814620629,0.5259999999999999,0.5869165946401916,0.41,0.43320000000000003
